iteration,approximation
0,-0.2202072391
1,-0.2921874366
2,-0.3181580866
3,-0.3201965819
4,-0.3202072388
5,-0.3202072391
