iteration,approximation
0,0.1774676682
1,0.3774676682
2,0.2701506488
3,0.2769288219
4,0.2774705440
5,0.2774676672
6,0.2774676683
7,0.2774676683
