iteration,approximation
0,-2.3671420977
1,-2.4948205361
2,-2.4660504647
3,-2.4671412877
4,-2.4671420977
