iteration,approximation
0,-2.5671420977
1,-2.3671420977
2,-2.4734282805
3,-2.4667861658
4,-2.4671438450
5,-2.4671420981
6,-2.4671420977
7,-2.4671420977
