iteration,approximation
0,0.3774676682
1,0.2849190428
2,0.2775082346
3,0.2774676695
4,0.2774676683
