iteration,approximation
0,-0.4202072391
1,-0.2202072391
2,-0.3460078418
3,-0.3270587615
4,-0.3197675343
5,-0.3202148415
6,-0.3202072476
7,-0.3202072391
8,-0.3202072391
